<?xml version="1.0" encoding="utf-16"?>
<Pattern>
  <ptn>
    <PatternRow>
      <RowNo>0</RowNo>
      <RowData>
        <PatternCell>
          <ColNo>0</ColNo>
          <CmdData>
            <FileName>Reset</FileName>
            <SequenceName />
            <Comment />
            <Parameter></Parameter>
            <SequenceP>
              <RunNo>0</RunNo>
              <list />
              <Before2Hidouki>false</Before2Hidouki>
              <Before1Hidouki>false</Before1Hidouki>
            </SequenceP>
            <Maisu>
              <string></string>
              <string></string>
              <string></string>
              <string></string>
            </Maisu>
          </CmdData>
        </PatternCell>
      </RowData>
      <Value />
      <Result />
      <EndCount />
      <Count />
    </PatternRow>
  </ptn>
</Pattern>
